<?xml version="1.0" encoding="UTF-8"?>
<launch4jConfig>
  <dontWrapJar>false</dontWrapJar>
  <headerType>gui</headerType>
  <jar>C:\Users\Daniel\Desktop\temporal\HanoiGame\target\HanoiGame-1.0.jar</jar>
  <outfile>C:\Users\Daniel\Desktop\App.exe</outfile>
  <errTitle></errTitle>
  <cmdLine></cmdLine>
  <chdir>.</chdir>
  <priority>normal</priority>
  <downloadUrl>http://java.com/download</downloadUrl>
  <supportUrl></supportUrl>
  <stayAlive>false</stayAlive>
  <restartOnCrash>false</restartOnCrash>
  <manifest></manifest>
  <icon>C:\Users\Daniel\Desktop\temporal\HanoiGame\src\main\java\img\hanoiicon.ico</icon>
  <jre>
    <path></path>
    <bundledJre64Bit>false</bundledJre64Bit>
    <bundledJreAsFallback>false</bundledJreAsFallback>
    <minVersion>1.8</minVersion>
    <maxVersion></maxVersion>
    <jdkPreference>preferJre</jdkPreference>
    <runtimeBits>64/32</runtimeBits>
  </jre>
  <versionInfo>
    <fileVersion>1.0.2.1</fileVersion>
    <txtFileVersion>No Official</txtFileVersion>
    <fileDescription>Juego hannoir creado para proyecto de mate de computo 2</fileDescription>
    <copyright>Open Source</copyright>
    <productVersion>1.0.0.0</productVersion>
    <txtProductVersion>Beta</txtProductVersion>
    <productName>Juego de Hannoi</productName>
    <companyName>Comanches</companyName>
    <internalName>hannoi</internalName>
    <originalFilename>hannoi_game.exe</originalFilename>
    <trademarks></trademarks>
    <language>SPANISH_MEXICO</language>
  </versionInfo>
</launch4jConfig>